y_train	preds
0.1833608483078719	0.15697955
-0.113191507280218	-0.110651
0.2680900927616119	0.11439195
-0.1837992109916681	-0.17140502
-0.2120422924762481	-0.21471713
-0.1696776702493781	-0.1623709
0.635250152061152	0.6134456
-0.2261638332185381	-0.18607229
-0.2261638332185381	-0.22231086
-0.1696776702493781	-0.1867279
0.2116039297924519	0.15699694
-0.2261638332185381	-0.19002657
-0.1273130480225081	-0.19902359
-0.1837992109916681	-0.1189845
-0.2261638332185381	-0.22451346
-0.014340722084188	-0.07078057
-0.2120422924762481	-0.15605822
-0.2120422924762481	-0.17125952
-0.1696776702493781	-0.122156695
-0.2261638332185381	-0.16837446
-0.1273130480225081	-0.14212796
-0.1273130480225081	-0.1505798
-0.1837992109916681	-0.12651737
2.6405089374663326	2.5860345
-0.2261638332185381	-0.1805285
-0.1837992109916681	-0.20543967
-0.1837992109916681	-0.19821353
-0.084948425795638	-0.026716629
-0.2120422924762481	-0.19915596
0.310454714988482	0.15995471
-0.1273130480225081	-0.12401714
0.0986316038541319	0.011529309
-0.2261638332185381	-0.1820734
-0.1696776702493781	-0.18097395
-0.1273130480225081	-0.15193436
0.903559426164662	0.7356741
1.002410211360692	0.94950426
-0.141434588764798	-0.15256664
-0.2261638332185381	-0.17216559
-0.042583803568768	-0.050794806
-0.099069966537928	-0.1646481
-0.2261638332185381	-0.17713271
0.0845100631118419	0.06492821
-0.155556129507088	-0.16815794
-0.1979207517339581	-0.16235957
-0.2261638332185381	-0.13859482
-0.1979207517339581	-0.190494
-0.2120422924762481	-0.14834194
-0.1979207517339581	-0.23255427
-0.099069966537928	-0.093532205
-0.2261638332185381	-0.21035583
-0.2120422924762481	-0.19529025
-0.1696776702493781	-0.17737192
-0.2120422924762481	-0.17554876
-0.1979207517339581	-0.20540905
-0.00021918134189807231	-0.037684113
-0.099069966537928	-0.06641863
-0.1837992109916681	-0.13908705
0.2680900927616119	0.05069788
-0.2120422924762481	-0.20952983
-0.056705344311058	-0.10221474
-0.1979207517339581	-0.13714357
-0.1273130480225081	-0.16601506
-0.2261638332185381	-0.2101569
-0.056705344311058	-0.10513234
-0.113191507280218	-0.1249345
-0.2261638332185381	-0.21331783
-0.1273130480225081	-0.12999108
-0.2261638332185381	-0.12869756
-0.1979207517339581	-0.13427539
-0.113191507280218	-0.087800615
-0.2261638332185381	-0.22643162
-0.2120422924762481	-0.18334013
-0.2120422924762481	-0.20560211
-0.2261638332185381	-0.20485833
-0.2120422924762481	-0.23832837
-0.2120422924762481	-0.14953019
-0.1979207517339581	-0.20211285
1.2848410262064922	1.136581
-0.141434588764798	-0.120539464
-0.1979207517339581	-0.18127456
0.282211633503902	0.22422265
-0.1696776702493781	-0.1469573
-0.1837992109916681	-0.12567407
-0.1837992109916681	-0.2074342
-0.1273130480225081	-0.14756557
-0.1979207517339581	-0.17063265
-0.2120422924762481	-0.20884588
-0.155556129507088	-0.112960786
-0.2261638332185381	-0.18892242
-0.2261638332185381	-0.2110499
0.0139023594003919	-0.02524067
-0.2120422924762481	-0.19642836
-0.2120422924762481	-0.18812442
-0.1696776702493781	-0.15782037
-0.2261638332185381	-0.19897862
-0.155556129507088	-0.14091642
-0.056705344311058	-0.09192702
-0.2120422924762481	-0.21114416
-0.2120422924762481	-0.1598764
-0.2120422924762481	-0.20830245
-0.099069966537928	-0.12213318
-0.2120422924762481	-0.16729744
0.7341009372571821	0.4529984
-0.2120422924762481	-0.20752534
-0.2261638332185381	-0.1600625
0.0562669816272619	0.006763713
-0.2261638332185381	-0.21838112
-0.2261638332185381	-0.18941064
-0.1273130480225081	-0.15572403
0.465791663153672	0.44724032
-0.00021918134189807231	-0.019993994
0.1127531445964219	0.057650007
-0.2261638332185381	-0.20475288
-0.1696776702493781	-0.20918863
0.0703885223695519	0.04038202
0.0421454408849719	-0.04072257
-0.113191507280218	-0.10430202
-0.1837992109916681	-0.17271356
-0.2261638332185381	-0.1752184
-0.2261638332185381	-0.21126106
-0.2261638332185381	-0.1827211
-0.1696776702493781	-0.16669151
0.592885529834282	0.43965364
-0.2261638332185381	-0.19485311
-0.1837992109916681	-0.18790741
0.2116039297924519	0.1646708
-0.028462262826478	-0.058914125
-0.2120422924762481	-0.18716714
-0.1696776702493781	-0.20664695
-0.2120422924762481	-0.055573512
-0.113191507280218	-0.13601157
-0.084948425795638	-0.092957735
-0.1837992109916681	-0.15242624
-0.1837992109916681	-0.16430672
-0.2261638332185381	-0.22609493
0.0280239001426819	-0.042552955
-0.1837992109916681	-0.20995654
-0.155556129507088	-0.12912995
-0.155556129507088	-0.19977653
-0.2261638332185381	-0.1558905
-0.2120422924762481	-0.22720227
-0.2261638332185381	-0.24620944
-0.2261638332185381	-0.23382182
-0.2120422924762481	-0.21379621
-0.1837992109916681	-0.19417672
-0.2120422924762481	-0.16667
-0.2120422924762481	-0.16899468
-0.1837992109916681	-0.18214242
-0.2261638332185381	-0.22437167
-0.1273130480225081	-0.03274345
0.2116039297924519	0.19983655
-0.099069966537928	-0.13886203
-0.2120422924762481	-0.22175176
-0.1837992109916681	-0.18898782
-0.099069966537928	-0.09706408
-0.1837992109916681	-0.18453223
-0.1696776702493781	-0.17017661
-0.084948425795638	-0.1338113
-0.1837992109916681	-0.15339771
-0.1837992109916681	-0.18208405
-0.099069966537928	-0.11179905
-0.2261638332185381	-0.18266977
-0.2261638332185381	-0.18941317
0.0280239001426819	-0.060409483
-0.070826885053348	-0.13887732
-0.2120422924762481	-0.21026374
-0.042583803568768	-0.07668893
0.1127531445964219	0.10691509
-0.2261638332185381	-0.17071836
-0.1696776702493781	-0.17472373
1.171868700268172	1.1054736
-0.1979207517339581	-0.15410173
-0.2261638332185381	-0.21459092
-0.070826885053348	-0.10715804
0.847073263195502	0.7082469
-0.1696776702493781	-0.160994
-0.2261638332185381	-0.11066771
-0.1837992109916681	-0.16295873
-0.1979207517339581	-0.17424649
-0.014340722084188	0.037970014
-0.014340722084188	-0.044367168
-0.155556129507088	-0.17083958
-0.2120422924762481	-0.19554973
-0.2120422924762481	-0.12392949
-0.1696776702493781	-0.102599576
0.0562669816272619	0.051213507
-0.1696776702493781	-0.13234212
-0.2120422924762481	-0.18132354
-0.1837992109916681	-0.1767428
-0.141434588764798	-0.18339229
-0.2120422924762481	-0.14428137
-0.155556129507088	-0.08584909
-0.2261638332185381	-0.19230887
-0.1273130480225081	-0.11570405
-0.2120422924762481	-0.16249028
-0.2120422924762481	-0.2118461
-0.2261638332185381	-0.14759172
-0.014340722084188	-0.052769993
0.1551177668232919	0.13661282
-0.00021918134189807231	-0.059790976
-0.2261638332185381	-0.20509501
-0.2120422924762481	-0.17494345
-0.042583803568768	-0.12131205
0.1268746853387119	0.04292063
-0.2120422924762481	-0.17737503
0.0280239001426819	0.0100587
-0.2261638332185381	-0.15305932
-0.042583803568768	-0.07118883
0.861194803937792	0.816013
-0.2261638332185381	-0.22182804
0.1409962260810019	0.09236026
-0.1979207517339581	-0.152658
-0.155556129507088	-0.16730988
-0.2261638332185381	-0.21065205
-0.014340722084188	-0.10384007
0.1551177668232919	0.13011508
-0.2261638332185381	-0.20194644
-0.1837992109916681	-0.20271528
0.0562669816272619	-0.008241532
-0.2261638332185381	-0.16363606
-0.155556129507088	-0.124405205
-0.1696776702493781	-0.16192394
-0.1837992109916681	-0.21617204
-0.2261638332185381	-0.1767321
0.903559426164662	0.7387131
-0.2261638332185381	-0.19893107
0.0139023594003919	5.1740753e-05
0.2257254705347419	0.21933988
-0.2120422924762481	-0.1535509
-0.2261638332185381	-0.21200323
-0.2120422924762481	-0.18936133
-0.1273130480225081	-0.06718239
-0.084948425795638	-0.12083337
-0.2261638332185381	-0.2357091
-0.2120422924762481	-0.15425321
-0.2261638332185381	-0.061265074
-0.2261638332185381	-0.18609671
-0.2261638332185381	-0.1793678
1.9344319003518324	1.8656498
-0.2120422924762481	-0.1970126
-0.2120422924762481	-0.16990525
-0.1979207517339581	-0.14112297
-0.070826885053348	-0.124533
-0.099069966537928	-0.08031801
-0.1979207517339581	-0.20261618
-0.2120422924762481	-0.14199121
-0.2120422924762481	-0.21121904
-0.2261638332185381	-0.21747199
-0.2261638332185381	-0.19237465
-0.1837992109916681	-0.1555318
-0.1696776702493781	-0.13530365
-0.113191507280218	-0.07840791
-0.2120422924762481	-0.16512455
-0.2120422924762481	-0.19069168
0.0421454408849719	-0.056377634
0.1692393075655819	0.16926205
-0.1837992109916681	-0.10857959
-0.1837992109916681	-0.1554827
0.663493233545732	0.52864707
-0.1273130480225081	-0.12321019
-0.1837992109916681	-0.17834888
-0.141434588764798	-0.12094438
-0.1696776702493781	-0.14688225
-0.028462262826478	-0.014043849
9.235268464115764	8.812747
-0.2261638332185381	-0.23489888
-0.2261638332185381	-0.24712746
-0.1979207517339581	-0.1623619
-0.1273130480225081	-0.11666629
-0.1837992109916681	-0.20712712
-0.2120422924762481	-0.22633201
-0.2120422924762481	-0.16834448
-0.1837992109916681	-0.2098327
-0.2120422924762481	-0.19659379
-0.2261638332185381	-0.20373724
-0.1837992109916681	-0.2140998
-0.014340722084188	-0.056136254
-0.2261638332185381	-0.20616741
-0.2261638332185381	-0.19666976
-0.00021918134189807231	-0.07599753
-0.2261638332185381	-0.22065619
-0.084948425795638	-0.07155614
-0.155556129507088	-0.13168101
-0.2261638332185381	-0.15375908
-0.2261638332185381	-0.20785487
-0.2261638332185381	-0.21173857
-0.2120422924762481	-0.19381198
-0.2261638332185381	-0.23993325
0.621128611318862	0.5414865
-0.155556129507088	-0.1398768
-0.1696776702493781	-0.1233307
-0.028462262826478	-0.052876793
-0.2261638332185381	-0.14879973
-0.141434588764798	-0.153103
-0.113191507280218	-0.10209957
-0.099069966537928	-0.12625197
1.4260564336293922	1.2433008
-0.1979207517339581	-0.18142456
-0.2120422924762481	-0.20411369
-0.2261638332185381	-0.2194825
-0.042583803568768	-0.13468733
0.282211633503902	0.16789079
-0.2261638332185381	-0.24355084
-0.2261638332185381	-0.22607568
-0.1979207517339581	-0.21895711
-0.1979207517339581	-0.20597076
0.1127531445964219	0.10982193
-0.1979207517339581	-0.19487669
-0.155556129507088	-0.15346244
0.1127531445964219	0.09499263
-0.2120422924762481	-0.22307941
-0.2261638332185381	-0.16400163
-0.2261638332185381	-0.20282608
-0.2261638332185381	-0.21719697
-0.2261638332185381	-0.161312
-0.2261638332185381	-0.20893347
-0.2120422924762481	-0.17563699
-0.1273130480225081	-0.14788511
-0.1273130480225081	-0.14274554
0.762344018741762	0.69780374
-0.1979207517339581	-0.17404677
-0.028462262826478	-0.029729577
-0.2120422924762481	-0.15850392
-0.1979207517339581	-0.20807385
0.1974823890501619	0.17726305
-0.1273130480225081	-0.08093508
-0.1979207517339581	-0.1785144
-0.141434588764798	-0.15232497
-0.2261638332185381	-0.18859409
-0.2261638332185381	-0.18285453
-0.2261638332185381	-0.20702216
-0.1837992109916681	-0.20573674
0.1409962260810019	-0.006751814
-0.2120422924762481	-0.21612117
-0.1696776702493781	-0.11339675
-0.2120422924762481	-0.20491017
0.0421454408849719	-0.058306083
-0.2261638332185381	-0.12579262
-0.1837992109916681	-0.21371421
-0.2261638332185381	-0.15927973
-0.070826885053348	0.061918702
0.2680900927616119	0.109605506
-0.2261638332185381	-0.20891127
-0.1979207517339581	-0.20695554
-0.1837992109916681	-0.20717102
-0.1696776702493781	-0.19229157
-0.2261638332185381	-0.22140513
-0.042583803568768	-0.06522411
-0.2120422924762481	-0.1806883
-0.2120422924762481	-0.18159053
-0.070826885053348	-0.08256584
-0.2120422924762481	-0.17062344
-0.014340722084188	-0.01096377
-0.1837992109916681	-0.18431942
-0.1273130480225081	-0.12616849
-0.1979207517339581	-0.20481187
-0.2120422924762481	-0.13564716
0.2398470112770319	0.2278527
-0.2261638332185381	-0.229714
0.691736315030312	0.5505932
-0.1273130480225081	-0.16029797
-0.2261638332185381	-0.18882805
-0.2261638332185381	-0.12390833
-0.1273130480225081	-0.1495791
-0.2120422924762481	-0.22337328
-0.141434588764798	-0.13690825
-0.042583803568768	-0.071753405
-0.2120422924762481	-0.17975506
-0.141434588764798	-0.18482633
-0.1837992109916681	-0.21899797
-0.042583803568768	-0.05945565
-0.1696776702493781	-0.18102208
-0.2261638332185381	-0.1988318
-0.141434588764798	-0.08715963
-0.084948425795638	-0.14104414
16.945629709406106	16.171518
-0.084948425795638	-0.070026375
-0.1696776702493781	-0.14751387
-0.056705344311058	0.020455794
-0.2120422924762481	-0.19758564
-0.056705344311058	0.0044568256
-0.2261638332185381	-0.23002444
-0.155556129507088	-0.17381437
-0.2261638332185381	-0.16564186
-0.2120422924762481	-0.17621921
-0.1273130480225081	-0.16509716
-0.056705344311058	-0.056388523
-0.2120422924762481	-0.18418407
-0.1696776702493781	-0.13113832
-0.2120422924762481	-0.2035952
-0.2261638332185381	-0.17685698
0.0280239001426819	0.018913148
-0.2120422924762481	-0.13903497
-0.2261638332185381	-0.1872095
-0.2261638332185381	-0.18206818
-0.1979207517339581	-0.13001673
-0.2261638332185381	-0.20864743
-0.2120422924762481	-0.22166145
-0.155556129507088	-0.15430413
-0.056705344311058	-0.064743884
-0.2261638332185381	-0.20752986
-0.1696776702493781	-0.19821697
-0.2261638332185381	-0.19178544
-0.1979207517339581	-0.157405
1.044774833587562	0.8268013
-0.2120422924762481	-0.19846535
-0.2261638332185381	-0.20805182
-0.2120422924762481	-0.18870947
-0.1979207517339581	-0.20885225
-0.014340722084188	-0.065991506
-0.070826885053348	-0.08425264
-0.2120422924762481	-0.19305626
-0.1837992109916681	-0.15998381
0.1127531445964219	0.11304076
-0.042583803568768	-0.07551655
1.5813933817945822	1.4327767
-0.099069966537928	-0.12889612
-0.1273130480225081	-0.14058505
-0.2120422924762481	-0.19298348
-0.2261638332185381	-0.20415035
-0.155556129507088	-0.13945872
-0.2261638332185381	-0.17280726
-0.2120422924762481	-0.12848374
-0.2261638332185381	-0.21549526
-0.2120422924762481	-0.20671381
0.296333174246192	0.24346179
-0.2261638332185381	-0.21188036
-0.2120422924762481	-0.14612997
-0.1696776702493781	-0.13118854
-0.2261638332185381	-0.18147568
-0.2120422924762481	-0.14126855
-0.141434588764798	-0.091529004
0.592885529834282	0.54454184
-0.1273130480225081	-0.15193115
-0.113191507280218	-0.15621157
-0.2120422924762481	-0.16373987
-0.1979207517339581	-0.1665995
-0.2120422924762481	-0.19245946
-0.00021918134189807231	-0.05808744
0.0845100631118419	0.19465683
-0.113191507280218	-0.01628141
-0.084948425795638	-0.118896574
-0.2120422924762481	-0.14105996
-0.2120422924762481	-0.17470312
-0.2261638332185381	-0.18029128
-0.084948425795638	-0.10465484
-0.2261638332185381	-0.2079014
-0.1837992109916681	-0.17720154
-0.1979207517339581	-0.16720788
-0.2261638332185381	-0.22917593
-0.2261638332185381	-0.19700502
-0.2261638332185381	-0.17570095
-0.00021918134189807231	-0.0028809092
-0.2261638332185381	-0.19697528
-0.1837992109916681	-0.19123949
-0.2261638332185381	-0.19156069
-0.2261638332185381	-0.21396163
-0.2261638332185381	-0.16375986
0.0421454408849719	-0.05434524
-0.099069966537928	-0.041408032
-0.2261638332185381	-0.20553176
-0.2261638332185381	-0.2064793
-0.2120422924762481	-0.227035
-0.2120422924762481	-0.14755014
-0.070826885053348	-0.1092261
-0.2261638332185381	-0.20453666
0.522277826122832	0.4592335
-0.1837992109916681	-0.1415783
-0.2261638332185381	-0.21376894
-0.1837992109916681	-0.18119094
-0.2120422924762481	-0.22150873
-0.2261638332185381	-0.1771469
-0.2120422924762481	-0.20667686
-0.113191507280218	-0.1288942
-0.141434588764798	-0.17099717
-0.155556129507088	-0.15817586
0.423427040926802	0.33795327
0.338697796473062	0.13496025
-0.155556129507088	-0.16682708
-0.1979207517339581	-0.20207839
-0.1696776702493781	-0.1354904
0.1974823890501619	0.20269607
-0.2120422924762481	-0.1811719
-0.2120422924762481	-0.15150118
-0.2261638332185381	-0.2116574
-0.2120422924762481	-0.19116461
-0.1979207517339581	-0.19042875
-0.155556129507088	-0.058572974
-0.2120422924762481	-0.18469904
-0.141434588764798	-0.20540443
-0.2261638332185381	-0.1550746
0.296333174246192	0.13080585
-0.113191507280218	-0.17694679
-0.1273130480225081	-0.15840665
-0.2261638332185381	-0.20387714
-0.1837992109916681	-0.16766039
-0.2261638332185381	-0.13992815
-0.1837992109916681	-0.15370543
-0.1273130480225081	-0.060885124
-0.2120422924762481	-0.22835371
-0.1979207517339581	-0.2091329
-0.155556129507088	-0.06704878
-0.2120422924762481	-0.099249184
0.0280239001426819	-0.05292943
-0.1696776702493781	-0.21482566
-0.1837992109916681	-0.20943005
0.2257254705347419	0.16451626
0.875316344680082	0.6861171
0.423427040926802	0.31598577
0.0139023594003919	-0.030261824
-0.2261638332185381	-0.22692913
-0.2120422924762481	-0.20329757
0.3951839594422219	0.39746708
-0.2261638332185381	-0.19168332
-0.099069966537928	-0.03981669
-0.070826885053348	-0.052404433
-0.155556129507088	-0.12352195
-0.2261638332185381	-0.1695425
3.4736798412614425	3.265456
-0.056705344311058	-0.11333008
-0.099069966537928	-0.1510858
-0.1837992109916681	-0.019088086
0.804708640968632	0.71264666
-0.141434588764798	-0.13082229
-0.2261638332185381	-0.18665223
-0.2261638332185381	-0.194304
-0.2120422924762481	-0.092417166
-0.1837992109916681	-0.1859964
-0.1696776702493781	-0.1300758
-0.099069966537928	-0.12921013
-0.2120422924762481	-0.19306387
-0.1979207517339581	-0.16222568
-0.056705344311058	-0.16325107
0.3528193372153519	0.30003408
-0.099069966537928	-0.12632
-0.1979207517339581	-0.17385902
-0.1979207517339581	-0.15608774
0.0845100631118419	0.076147765
1.200111781752752	0.9491149
-0.070826885053348	-0.07798485
0.3951839594422219	0.382937
-0.099069966537928	-0.13302182
-0.2261638332185381	-0.12496056
-0.1837992109916681	-0.14215934
-0.2261638332185381	-0.23755156
0.2680900927616119	0.21900733
-0.070826885053348	-0.14209713
-0.2261638332185381	-0.23647076
0.0703885223695519	0.0022738515
-0.155556129507088	-0.17708877
-0.2261638332185381	-0.1949562
-0.1696776702493781	-0.12930208
-0.2261638332185381	-0.2289447
-0.2120422924762481	-0.16833547
-0.042583803568768	-0.15599577
-0.1273130480225081	-0.11083605
-0.2261638332185381	-0.23982716
-0.1837992109916681	-0.17457575
-0.2120422924762481	-0.21930888
0.282211633503902	0.26027468
-0.2120422924762481	-0.21718912
-0.2261638332185381	-0.22609493
-0.2261638332185381	-0.21149513
0.2680900927616119	0.074212894
0.0139023594003919	-0.042238317
-0.1837992109916681	-0.21957529
-0.2261638332185381	-0.20677689
-0.1696776702493781	-0.108334035
-0.1837992109916681	-0.13792962
-0.014340722084188	-0.07140561
-0.2120422924762481	-0.21878926
-0.2261638332185381	-0.22975215
0.2257254705347419	0.122661114
-0.2120422924762481	-0.20122124
-0.1273130480225081	-0.17575367
-0.155556129507088	-0.13018925
-0.113191507280218	-0.12494701
-0.2120422924762481	-0.20042294
-0.042583803568768	-0.06745346
-0.099069966537928	-0.1744223
-0.099069966537928	-0.053464774
-0.1696776702493781	-0.15983804
-0.2120422924762481	-0.09549296
-0.1979207517339581	-0.15743345
-0.2120422924762481	-0.20864077
-0.070826885053348	-0.06575655
-0.056705344311058	9.141862e-06
-0.155556129507088	-0.12074165
-0.113191507280218	-0.15294679
3.5725306264574725	3.3619492
0.1551177668232919	0.1486587
0.804708640968632	0.7460441
-0.2120422924762481	-0.19903438
-0.056705344311058	-0.117355734
-0.2261638332185381	-0.21466106
-0.1837992109916681	-0.14399289
-0.2261638332185381	-0.2205765
-0.1979207517339581	-0.15883103
0.451670122411382	0.35157108
-0.1273130480225081	-0.13316654
-0.1696776702493781	-0.16108154
-0.2261638332185381	-0.20930499
-0.042583803568768	-0.116482824
-0.2120422924762481	-0.22649102
-0.2261638332185381	-0.228212
-0.2120422924762481	-0.21702553
3.812596819076403	3.4151874
-0.2261638332185381	-0.21712327
-0.1837992109916681	-0.16433981
-0.1837992109916681	-0.16077557
-0.141434588764798	-0.14371525
-0.2261638332185381	-0.22692811
-0.155556129507088	-0.13405882
-0.1273130480225081	-0.1655868
-0.2261638332185381	-0.20462497
-0.1837992109916681	-0.1652936
0.1974823890501619	0.110138476
-0.2120422924762481	-0.12287394
-0.2261638332185381	-0.21156664
-0.1979207517339581	-0.17005198
-0.2261638332185381	-0.18043351
-0.2120422924762481	-0.20459865
-0.2261638332185381	-0.20477493
-0.099069966537928	-0.08998605
0.0280239001426819	-0.07758182
-0.070826885053348	-0.072451405
-0.2261638332185381	-0.18085921
-0.028462262826478	-0.10066544
0.1833608483078719	0.15059434
0.0139023594003919	-0.09445143
