Feature	Mean_Importance	Std_Importance
var37	0.02225188	0.010402098
var38	0.021509016	0.013890698
pub_num	0.012895357	0.0013898131
var226	0.011235096	0.014840966
var277	0.010873165	0.007971007
var128	0.00947677	0.007141594
var96	0.008190731	0.007918997
var271	0.008135793	0.009047122
var221	0.0074914647	0.0069503896
var5	0.007431754	0.0050982675
var367	0.0073353294	0.01099905
var395	0.0073235678	0.014858608
var172	0.007197512	0.007721667
var246	0.007072738	0.0057734833
var160	0.006861938	0.0046133036
var159	0.0066434536	0.0067956946
var24	0.006519502	0.0039480533
var275	0.006271807	0.0074072443
var348	0.0061550885	0.013438272
var6	0.0059879674	0.005991904
var167	0.0059696357	0.006496361
var84	0.0057202135	0.003253377
var293	0.0057078577	0.012652306
var176	0.0053954576	0.004640557
var406	0.005195497	0.012629729
var402	0.005186434	0.010970598
var152	0.0050728596	0.0027468714
var204	0.004907604	0.005839741
var32	0.0047239824	0.007665231
var276	0.0046845987	0.008775135
var398	0.0046623065	0.007723689
var264	0.004631703	0.0103388745
var322	0.0046208566	0.0051010326
var313	0.004509014	0.010843786
var296	0.004376547	0.006420458
var242	0.0043507367	0.0019568196
var39	0.0042796964	0.0022592712
var36	0.004276237	0.003336763
var4	0.004030155	0.0025327352
var174	0.0039876443	0.013294231
var278	0.0039873747	0.004232783
var259	0.0039660893	0.0064457436
var274	0.003913115	0.005200929
var387	0.003873526	0.005110968
var244	0.0038000932	0.0039711157
var150	0.003789912	0.004626511
var280	0.0037424816	0.004825251
var245	0.003692939	0.0024465923
var42	0.00366328	0.0030895402
var164	0.0036561268	0.004254694
var331	0.0036124566	0.007096494
var332	0.0036090314	0.010473069
var272	0.0036036922	0.007332424
var386	0.0035933095	0.0053535327
var144	0.0035340039	0.002482592
var206	0.0035264702	0.0045037116
var338	0.0035180592	0.006271661
var119	0.0034857842	0.0027807201
var375	0.0034623665	0.008160826
var77	0.0034086984	0.004660718
var289	0.0034030443	0.0084766885
var297	0.0033637958	0.0055287797
var130	0.003309572	0.0034983384
var7	0.0032945464	0.0023669335
var100	0.0032421714	0.0023073815
var91	0.0032371418	0.0027816163
var20	0.00319136	0.0023492787
var132	0.0031407361	0.0028821686
var241	0.003133995	0.0040969797
var404	0.0031200037	0.007464228
var212	0.0030744064	0.0036100917
var201	0.003073917	0.0033525804
var273	0.0030599954	0.005662232
var261	0.003053053	0.004381113
var346	0.0030354068	0.0050032753
var239	0.0030291898	0.005928694
var305	0.0030088192	0.006421271
var236	0.0029470217	0.0043554446
var269	0.002931368	0.0032744154
var291	0.0028681925	0.0045402027
var323	0.0028605866	0.0025226441
var285	0.0028562034	0.006013328
var415	0.0028198725	0.008599421
var411	0.0027761331	0.005987796
var177	0.0027639517	0.00463079
var3	0.0027289963	0.0013260563
var298	0.0027258175	0.005772238
var267	0.0027157285	0.005334405
var405	0.0027147287	0.007807889
var399	0.002710964	0.0065835556
var311	0.0027006238	0.0055422764
var63	0.00270055	0.001672264
var359	0.0026524442	0.004373377
var247	0.0026511317	0.0057044365
var79	0.0026453466	0.002401302
var104	0.002638492	0.0027637107
var302	0.0026379167	0.004295839
var2	0.0026254933	0.001018395
var158	0.0026249527	0.003070918
var179	0.0026102427	0.003444672
var68	0.0026017819	0.0015405753
var376	0.0025938696	0.006953938
var381	0.0025863764	0.0072284676
var184	0.002585783	0.0031017042
var365	0.002585358	0.0057660327
var385	0.0025552392	0.0034809387
var393	0.0025466224	0.0051995604
var215	0.0025434298	0.0026570305
var33	0.0025278407	0.0022466544
var162	0.0025075823	0.0028975087
var72	0.0025014125	0.0019026602
var86	0.0025002705	0.0022689798
var98	0.002496791	0.006398984
var146	0.0024832832	0.0028926681
var382	0.0024727655	0.0056964955
var351	0.0024638716	0.005360568
var218	0.002460653	0.003970716
var58	0.002459967	0.002798325
var423	0.0024587046	0.005333052
var265	0.0024409886	0.0062320884
var362	0.0024189942	0.0055864644
var103	0.0024101273	0.0021622928
var157	0.002405746	0.0049886764
var208	0.0023838347	0.003397898
var353	0.0023773673	0.004413738
var203	0.002375559	0.0026356352
var401	0.002375208	0.006715141
var133	0.0023745352	0.0030962809
var263	0.002373909	0.005570782
var125	0.0023723806	0.002175773
var108	0.0023588273	0.0022013306
var340	0.0023484528	0.004595698
var92	0.0023447117	0.0024697427
var339	0.0023420015	0.0044842134
var288	0.0023274473	0.0042498326
var195	0.0023254969	0.0031352649
var357	0.0023230861	0.0048228353
var97	0.0023164772	0.0037258195
var173	0.0022998943	0.0045014317
var87	0.0022776134	0.002095911
var268	0.0022675511	0.004152872
var327	0.0022577604	0.003907392
var352	0.0022565944	0.0043971776
var14	0.0022519478	0.0013771855
var358	0.0022344994	0.0061211325
var26	0.0022288335	0.0016611002
var229	0.002224883	0.003722841
var333	0.0022244584	0.005985564
var134	0.0022183147	0.003662665
var41	0.0021982798	0.0019336115
var186	0.0021982146	0.0032355357
var122	0.002183426	0.0037197564
var181	0.0021607338	0.0028831472
var11	0.0021582015	0.0011122432
var8	0.002152753	0.003452296
var219	0.00214384	0.0035678486
var31	0.0021382128	0.001889308
var17	0.0021261084	0.0011558501
var370	0.0021249568	0.0043055196
var90	0.0021181745	0.0022340927
var318	0.0021144152	0.004538167
var222	0.0021119046	0.0027255083
var282	0.0021014393	0.0034207825
var228	0.0020835968	0.0037886102
var243	0.002074327	0.0022652522
var341	0.002067918	0.0062942756
var335	0.0020659035	0.0039694095
var131	0.002057709	0.0024159306
var9	0.0020489679	0.0021327385
var142	0.0020488831	0.0020099597
var120	0.0020373957	0.0041503403
var136	0.0020326683	0.0021677406
var28	0.0020158798	0.0017867802
var409	0.0020125434	0.0044525526
var328	0.0020071573	0.0031302965
var356	0.0020030434	0.0039213668
var403	0.0020023554	0.0047212318
var286	0.0020021459	0.0056174044
var388	0.0019948883	0.0035073776
var76	0.0019846978	0.0028455935
var350	0.0019792363	0.004395484
var116	0.0019788889	0.0028372456
var240	0.001974228	0.0017518572
var250	0.00196503	0.0059113293
var307	0.0019641363	0.0042347666
var64	0.0019635602	0.004180088
var71	0.001961696	0.001818884
var110	0.001958312	0.0021332775
var295	0.0019517058	0.005108308
var294	0.0019459209	0.0036065718
var23	0.0019427916	0.0015017823
var344	0.0019415568	0.0052041076
var220	0.0019340729	0.0032467903
var279	0.0019294992	0.0048794136
var253	0.0019193547	0.0014192291
var115	0.0019170546	0.001646572
var83	0.0019122378	0.0018436486
var214	0.0019075534	0.002961818
var360	0.0019074994	0.0039343648
var230	0.0019058137	0.0030148497
var281	0.0019055755	0.0028669557
var151	0.0019010756	0.0018382111
var169	0.0018942631	0.0028241454
var156	0.0018897894	0.0025723085
var12	0.0018878451	0.001204443
var343	0.0018819897	0.004546501
var155	0.0018764501	0.002194498
var225	0.001870589	0.0026637774
var74	0.0018672396	0.0017279406
var180	0.0018658084	0.0027181264
var304	0.0018575793	0.004113326
var342	0.001854284	0.0045404388
var22	0.0018411682	0.0020025105
var419	0.0018385604	0.003464526
var309	0.0018377635	0.0045038196
var166	0.0018341908	0.0029761165
var363	0.001832086	0.0041236915
var373	0.0018316585	0.0046178126
var347	0.0018315583	0.0038959496
var364	0.0018280724	0.0049306117
var101	0.0018132883	0.001858713
var187	0.0018014637	0.0032529498
var308	0.001797584	0.0024822105
var380	0.0017964937	0.0036196553
var99	0.0017958948	0.0018922483
var95	0.0017884858	0.0017513414
var88	0.0017876603	0.0019886387
var93	0.001781476	0.0019040812
var165	0.0017807181	0.0027550713
var161	0.0017736427	0.0028205323
var400	0.0017710811	0.005679502
var25	0.0017628395	0.0014588038
var292	0.0017547427	0.003241795
var306	0.0017499031	0.0042811558
var324	0.0017480229	0.003550545
var89	0.0017461154	0.0020204554
var330	0.0017437077	0.0042840717
var18	0.0017432587	0.0013098528
var105	0.0017392761	0.00224173
var111	0.0017361848	0.0015704039
var283	0.0017322694	0.002795372
var147	0.0017313774	0.0027179136
var216	0.0017313095	0.0028294509
var372	0.0017275079	0.00426658
var46	0.0017264255	0.0057992283
var138	0.0017264247	0.002202961
var224	0.0017224301	0.001710023
var329	0.0016987983	0.0050502927
var366	0.0016941736	0.0045095813
var266	0.0016925329	0.004924214
var256	0.0016919753	0.0044591
var145	0.0016867772	0.002250764
var126	0.0016858935	0.0021136284
var301	0.0016792784	0.004137247
var325	0.001675298	0.004087698
var69	0.0016724601	0.0015759625
var34	0.0016715592	0.0015576704
var317	0.0016708588	0.003639104
var123	0.0016703272	0.0017601416
var418	0.0016688318	0.003882368
var321	0.0016650942	0.0026086343
var121	0.0016647294	0.0017884359
var231	0.0016623694	0.0021177237
var154	0.0016595656	0.0018687133
var299	0.0016566506	0.003677498
var416	0.0016546452	0.0033853217
var396	0.0016540658	0.00420079
var349	0.0016527079	0.0034131375
var422	0.0016423744	0.0036444275
var209	0.0016413715	0.0031944439
var82	0.0016391092	0.0019573418
var319	0.0016377774	0.003084449
var233	0.0016373751	0.0024353515
var303	0.0016372532	0.0028909831
var73	0.0016363555	0.0016405139
var234	0.0016331056	0.0016635185
var106	0.0016179022	0.0015693055
var163	0.0016100667	0.0028754491
var30	0.0015999845	0.0013824102
var336	0.0015994293	0.003727525
var345	0.0015974435	0.004204801
var78	0.0015938506	0.0026622673
var197	0.0015934479	0.002912597
var227	0.0015894797	0.0014787812
var192	0.0015872604	0.003843486
var377	0.001586731	0.0045035766
var171	0.0015848377	0.0020200415
var61	0.0015800026	0.0035702786
var414	0.0015779155	0.0027556438
var369	0.0015767079	0.0037524127
var182	0.001572063	0.002279864
var354	0.0015672928	0.0039267666
var191	0.0015615512	0.0026667463
var94	0.0015545451	0.0017031762
var175	0.0015542889	0.0029709393
var118	0.0015529362	0.0016033922
var361	0.0015523382	0.0055199303
var249	0.0015511692	0.0046699
var60	0.0015470514	0.001675593
var139	0.0015463915	0.0016935526
var81	0.001534439	0.0037088983
var312	0.0015324162	0.0025603373
var262	0.0015307456	0.0020932634
var210	0.0015287799	0.0039762226
var117	0.0015229743	0.0022206476
var109	0.0015213975	0.0018560757
var59	0.0015177384	0.0016026082
var316	0.001514787	0.0028695585
var207	0.0015137782	0.0026882116
var168	0.0015069568	0.002310336
var143	0.0015043698	0.0020834408
var270	0.0015017173	0.0033446958
var190	0.0014939312	0.0022050096
var29	0.0014720906	0.0013357117
var392	0.00146922	0.003983213
var384	0.0014649227	0.0042856536
var326	0.0014595166	0.0032309669
var198	0.001458199	0.0033165293
var19	0.0014579312	0.0012507577
var114	0.0014522455	0.0016559497
var80	0.0014506397	0.0017449578
var66	0.0014456016	0.0011273676
var235	0.0014442161	0.0018773775
var67	0.0014414993	0.0011176469
var390	0.001439827	0.0033064622
var284	0.0014373467	0.0031859404
var379	0.0014355503	0.0030598543
var290	0.001434091	0.0027152703
var368	0.0014326066	0.0031289777
var75	0.0014242879	0.0016912143
var371	0.00142427	0.003451556
var420	0.0014232898	0.0031925836
var397	0.0014176958	0.003986169
var127	0.0014153688	0.0014976214
var383	0.0014101431	0.0034005826
var213	0.00140667	0.0047613326
var200	0.0014048135	0.0020031398
var44	0.0013976947	0.0015381023
var43	0.0013961804	0.0015093858
var194	0.0013940362	0.0021031129
var189	0.0013927468	0.0016267325
var217	0.0013892227	0.0026082338
var85	0.0013872349	0.0019216181
var148	0.0013790835	0.0017000288
var202	0.0013746736	0.002220085
var320	0.0013686628	0.002699607
var389	0.0013509612	0.0028168978
var355	0.0013499117	0.003370455
var112	0.0013393221	0.0018729488
var337	0.0013372471	0.0029698545
var129	0.0013318759	0.0019498133
var40	0.0013191792	0.0033579862
var260	0.0013177305	0.0026720539
var107	0.0013128349	0.0032517638
var124	0.0013051927	0.001436153
var255	0.001296354	0.0011730756
var135	0.0012943089	0.0022356978
var300	0.0012900212	0.002948654
var199	0.0012822121	0.0023504589
var15	0.0012729728	0.0009506675
var232	0.0012667716	0.0028831025
var70	0.0012326058	0.0011625739
var149	0.0012262972	0.0018238742
var193	0.0012237948	0.0022012491
var170	0.0012228678	0.0018248021
var16	0.0012205291	0.000880249
var185	0.0012127694	0.002467208
var412	0.0012019818	0.0038684062
var427	0.0011833588	0.0015005753
var178	0.0011778808	0.0020904506
var196	0.0011734983	0.0029806779
var378	0.0011709784	0.0025610349
var102	0.0011706238	0.0014407432
var407	0.0011686583	0.0028133898
var10	0.0011682793	0.00084233785
var153	0.0011682232	0.0013672782
var113	0.0011652648	0.0012537723
var374	0.0011616278	0.0035487625
var140	0.0011595789	0.0014461454
var141	0.0011275936	0.0012668716
var21	0.0011253902	0.00094020716
var314	0.0010992561	0.0028747818
var287	0.0010978003	0.0021856015
var417	0.0010791362	0.0023017682
var310	0.0010768506	0.0024379026
var205	0.0010712845	0.0021740594
var137	0.0010397595	0.00205073
var421	0.0010345225	0.003034968
var424	0.0010284926	0.002390212
var13	0.0010175756	0.0008073741
var391	0.0010040691	0.002691923
var408	0.0009828528	0.0021360277
var45	0.0009707322	0.00096684386
var394	0.00094237237	0.0021759854
var315	0.00094062963	0.0029109016
var410	0.00091184035	0.002946105
var334	0.0008830178	0.002058658
var426	0.00087913155	0.004024149
var248	0.0008703177	0.005305206
var413	0.0008253611	0.0030974979
var188	0.0008183926	0.0012444664
var425	0.00081764505	0.0023965016
var223	0.00075962394	0.0018245337
var211	0.0005913742	0.0021481668
var48	0.0005755412	0.0026409295
var183	0.0005226291	0.0019768416
var1	0.00046103686	0.00023339517
var258	0.0004528716	0.0026571758
var257	0.00037205237	0.0019259522
var251	0.00015460186	0.0013967779
var254	0.00011953448	0.0003811437
var56	8.925753e-05	0.0010523831
var55	8.7443994e-05	0.00092311506
var62	6.796434e-05	0.00061702926
var252	3.4629855e-05	0.00053062994
var51	3.4110424e-05	0.00068220636
var237	2.5223468e-05	0.0004242557
var65	1.4201492e-05	0.00012621234
var54	8.988063e-07	1.0112624e-05
var49	4.0769945e-07	7.246202e-06
var53	3.1374077e-07	6.2748154e-06
var50	1.1926655e-07	1.2716739e-06
var238	1.4231251e-09	1.5845078e-08
var52	0.0	0.0
var57	0.0	0.0
var47	0.0	0.0
var27	0.0	0.0
var35	0.0	0.0
